Student_ID,Name,Department,Maths,Python,DBMS,Attendance
101,Amit Yadav,Computer Science,92,95,88,94
102,Priya Singh,Information Technology,89,91,90,92
103,Rohit Kumar,Artificial Intelligence,84,88,85,88
104,Anjali Sharma,Computer Science,82,85,87,90
105,Shivam Verma,Data Science,80,84,82,86
106,Sneha Patel,Information Technology,78,82,79,85
107,Vikas Gupta,Computer Science,75,80,74,80
108,Pooja Mishra,Artificial Intelligence,72,76,78,84
109,Kunal Roy,Data Science,70,75,71,82
110,Neha Tiwari,Computer Science,68,72,70,78
111,Manish Joshi,Information Technology,65,70,68,76
112,Ritu Raj,Artificial Intelligence,62,68,65,81
113,Deepak Chauhan,Data Science,64,66,61,79
114,Simran Kaur,Computer Science,58,63,60,83
115,Aditya Saxena,Information Technology,55,59,57,77
116,Kavita Rawat,Artificial Intelligence,52,56,54,75
117,Suresh Nair,Data Science,50,54,52,76
118,Mohit Sen,Computer Science,48,52,51,78
119,Aman Mehta,Information Technology,74,78,76,68
120,Divya Chawla,Artificial Intelligence,81,85,82,70
121,Gaurav Bhatt,Data Science,35,42,38,80
122,Rahul Kumar,Computer Science,30,35,32,62
123,Tanvi Bansal,Information Technology,88,89,86,91
124,Harsh Vardhan,Artificial Intelligence,76,79,77,88
125,Isha Nambiar,Data Science,83,86,84,89
